[{"user":"Abdul Kaiyum","pw":"123","gender":"Male","address":"Mymensingh"},{"user":"jashim uddin","pw":"123","gender":"Male","address":"Sylhet"},{"user":"Selim","pw":"234","gender":"Male","address":"Bogura"},{"user":"Shorif Islam","pw":"543","gender":"Male","address":"Bogura","expertise":["Fishing"],"num":"017643536534"},{"user":"Don","pw":"456","gender":"Male","address":"Khulna","expertise":["Farming"],"num":"2125347467"},{"user":"Abdul Ayub","pw":"543","gender":"Male","address":"Rangpur","expertise":["Fishing","CowBoy"],"num":"55647485745"},{"user":"Dipro","pw":"890","gender":"Male","address":"Dhaka\r\n","expertise":["Farming"],"num":"01694359438"},{"user":"john","pw":"123","gender":"Male","address":"Sylhet","expertise":["Fishing"],"num":"90347238"},{"user":"Nabil","pw":"sds","gender":"Male","address":"sylhet","expertise":["Fishing"],"num":"01888680910"},{"user":"Akbar","pw":"fds","gender":"Male","address":"khulna","expertise":["Fishing"],"num":"019215615"},{"user":"Abdul Kaiyum","pw":"fff","gender":"Male","address":"bogura","expertise":["CowBoy"],"num":"2343654"},{"user":"Akbar","pw":"sss","gender":"Male","address":"Sylhet","expertise":["Fishing"],"num":"976454342"},{"user":"salim","pw":"qqq","gender":"Male","address":"Sylhet","expertise":["Fishing"],"num":"976454342"},{"user":"selim","pw":"www","gender":"Male","address":"Dhaka","expertise":["CowBoy"],"num":"1343654"},{"user":"greg","pw":"ccc","gender":"Male","address":"dc","expertise":["Fishing"],"num":"6552"},{"user":"greg","pw":"ccc","gender":"Male","address":"cd","expertise":["Fishing"],"num":"436765876"},{"user":"Muhee","pw":"aaa","gender":"Female","address":"Khulna","expertise":["CowBoy"],"num":"842952794"},{"user":"dipro","pw":"aaa","gender":"Female","address":"rufaida","expertise":["CowBoy"],"num":"634423432"},{"user":"nasif","pw":"qqq","gender":"Female","address":"chittagong","expertise":["CowBoy"],"num":"01321543"},{"user":"chagol rufaida","pw":"xxx","gender":"Female","address":"chittagong","expertise":["CowBoy"],"num":"01321543"},{"user":"shorif","pw":"yyy","gender":"Female","address":"chittagong","expertise":["CowBoy"],"num":"0132143242"},{"user":"forhad","pw":"iii","gender":"Male","address":"Sylhet","expertise":["Fishing"],"num":"125436"},{"user":"manush","pw":"mmm","gender":"Others","address":"gazipur","expertise":["CowBoy"],"num":"75567"},{"user":"Saikha","pw":"vvv","gender":"Others","address":"cumilla","expertise":["CowBoy"],"num":"543805209"},{"user":"eee","pw":"ff","gender":"Male","address":"djsa","expertise":["Fishing"],"num":"584350"}]